scale,fullID,primary_category_code,primary_prop,primary_label,secondary_category_code,secondary_prop,secondary_label,prop_sum
1 m,100_P324-4_2025_peat_sites_1028,TrBOG,1,Treed Bog,NA,NA,NA,NA
50 m,100_P324-4_2025_peat_sites_1028,TrBOG,0.9881263656988304,Treed Bog,TrFEN,0.011873634301169661,Treed Fen,1
100 m,100_P324-4_2025_peat_sites_1028,TrBOG,0.7681099838738108,Treed Bog,TrFEN,0.2098442615569811,Treed Fen,0.9779542454307919
1 km,100_P324-4_2025_peat_sites_1028,TrFEN,0.5216532728214635,Treed Fen,TrBOG,0.15646789917031992,Treed Bog,0.6781211719917833
1 m,102_P258-5_2025_peat_sites_1028,OBOG,1,Open Bog,NA,NA,NA,NA
50 m,102_P258-5_2025_peat_sites_1028,OBOG,0.6129127180749923,Open Bog,WAT,0.2069682613589965,Clear Open Water,0.8198809794339887
100 m,102_P258-5_2025_peat_sites_1028,OFEN,0.48239041040643355,Open Fen,OBOG,0.3725927900965692,Open Bog,0.8549832005030027
1 km,102_P258-5_2025_peat_sites_1028,OFEN,0.27819117095048157,Open Fen,TrBOG,0.2535413785653603,Treed Bog,0.5317325495158418
1 m,103_P158-1_2025_peat_sites_1028,TrBOG,1,Treed Bog,NA,NA,NA,NA
50 m,103_P158-1_2025_peat_sites_1028,TrBOG,1,Treed Bog,NA,NA,NA,NA
100 m,103_P158-1_2025_peat_sites_1028,TrBOG,1,Treed Bog,NA,NA,NA,NA
1 km,103_P158-1_2025_peat_sites_1028,OBOG,0.6111775798401698,Open Bog,TrBOG,0.340540136417164,Treed Bog,0.9517177162573338
1 m,104_P158-2_2025_peat_sites_1028,TrBOG,1,Treed Bog,NA,NA,NA,NA
50 m,104_P158-2_2025_peat_sites_1028,TrBOG,0.5878488204346163,Treed Bog,TrFEN,0.4121511795653838,Treed Fen,1
100 m,104_P158-2_2025_peat_sites_1028,TrBOG,0.5979597411498184,Treed Bog,TrFEN,0.4020402588501815,Treed Fen,1
1 km,104_P158-2_2025_peat_sites_1028,TrBOG,0.5140884894703738,Treed Bog,OBOG,0.2902588621375249,Open Bog,0.8043473516078987
1 m,105_P158-3_2025_peat_sites_1028,OBOG,1,Open Bog,NA,NA,NA,NA
50 m,105_P158-3_2025_peat_sites_1028,OBOG,0.5956708656990538,Open Bog,TrBOG,0.4043291343009462,Treed Bog,1
100 m,105_P158-3_2025_peat_sites_1028,TrBOG,0.655816150985919,Treed Bog,OBOG,0.344183849014081,Open Bog,1
1 km,105_P158-3_2025_peat_sites_1028,TrBOG,0.5865760119856896,Treed Bog,OBOG,0.32435221664450475,Open Bog,0.9109282286301944
1 m,107_P295-5_2025_peat_sites_1028,OBOG,1,Open Bog,NA,NA,NA,NA
50 m,107_P295-5_2025_peat_sites_1028,OBOG,0.6219004433146778,Open Bog,TrBOG,0.3780995566853222,Treed Bog,1
100 m,107_P295-5_2025_peat_sites_1028,TrBOG,0.4782917620907336,Treed Bog,OBOG,0.2942387120283761,Open Bog,0.7725304741191097
1 km,107_P295-5_2025_peat_sites_1028,TrFEN,0.3595286026670555,Treed Fen,TrBOG,0.17265085088856555,Treed Bog,0.532179453555621
1 m,108_P264-2_2025_peat_sites_1028,TrFEN,1,Treed Fen,NA,NA,NA,NA
50 m,108_P264-2_2025_peat_sites_1028,TrFEN,0.9125097337929817,Treed Fen,OFEN,0.08749026620701825,Open Fen,1
100 m,108_P264-2_2025_peat_sites_1028,TrFEN,0.8234858119929537,Treed Fen,OFEN,0.17651418800704635,Open Fen,1
1 km,108_P264-2_2025_peat_sites_1028,TrFEN,0.3506646730381305,Treed Fen,TrBOG,0.22056245293588264,Treed Bog,0.5712271259740132
1 m,109_P264-4_2025_peat_sites_1028,OBOG,1,Open Bog,NA,NA,NA,NA
50 m,109_P264-4_2025_peat_sites_1028,OBOG,1,Open Bog,NA,NA,NA,NA
100 m,109_P264-4_2025_peat_sites_1028,OBOG,1,Open Bog,NA,NA,NA,NA
1 km,109_P264-4_2025_peat_sites_1028,OBOG,0.39277030665429885,Open Bog,TrBOG,0.34237896821323205,Treed Bog,0.7351492748675309
1 m,10_P245-2_2025_peat_sites_1028,TrBOG,1,Treed Bog,NA,NA,NA,NA
50 m,10_P245-2_2025_peat_sites_1028,TrBOG,0.8816202019719426,Treed Bog,TrFEN,0.11837979802805737,Treed Fen,1
100 m,10_P245-2_2025_peat_sites_1028,TrBOG,0.49964605615981994,Treed Bog,TrFEN,0.27287666066732397,Treed Fen,0.7725227168271439
1 km,10_P245-2_2025_peat_sites_1028,OBOG,0.4439380395029369,Open Bog,TrBOG,0.26642727089547247,Treed Bog,0.7103653103984093
1 m,110_P264-6_2025_peat_sites_1028,TrBOG,1,Treed Bog,NA,NA,NA,NA
50 m,110_P264-6_2025_peat_sites_1028,TrBOG,0.9966857813588355,Treed Bog,OBOG,0.00331421864116454,Open Bog,1
100 m,110_P264-6_2025_peat_sites_1028,TrBOG,0.7771269157137979,Treed Bog,OBOG,0.22287308428620212,Open Bog,1
1 km,110_P264-6_2025_peat_sites_1028,TrBOG,0.3875350215234089,Treed Bog,OBOG,0.28380427061596186,Open Bog,0.6713392921393708
1 m,111_P264-7_2025_peat_sites_1028,TrBOG,1,Treed Bog,NA,NA,NA,NA
50 m,111_P264-7_2025_peat_sites_1028,TrBOG,0.7399691272455219,Treed Bog,OBOG,0.26003087275447817,Open Bog,1
100 m,111_P264-7_2025_peat_sites_1028,TrBOG,0.5447442492880582,Treed Bog,OBOG,0.4552557507119418,Open Bog,1
1 km,111_P264-7_2025_peat_sites_1028,TrBOG,0.4011171667163185,Treed Bog,OBOG,0.3237899253951518,Open Bog,0.7249070921114702
1 m,112_P115-1_2025_peat_sites_1028,OBOG,1,Open Bog,NA,NA,NA,NA
50 m,112_P115-1_2025_peat_sites_1028,OBOG,1,Open Bog,NA,NA,NA,NA
100 m,112_P115-1_2025_peat_sites_1028,OBOG,0.907026137162273,Open Bog,TrBOG,0.09297386283772699,Treed Bog,1
1 km,112_P115-1_2025_peat_sites_1028,TrBOG,0.46293315171044624,Treed Bog,OBOG,0.17144898685650958,Open Bog,0.6343821385669558
1 m,114_P115-3_2025_peat_sites_1028,OFEN,1,Open Fen,NA,NA,NA,NA
50 m,114_P115-3_2025_peat_sites_1028,OFEN,1,Open Fen,NA,NA,NA,NA
100 m,114_P115-3_2025_peat_sites_1028,OFEN,0.9729073470441576,Open Fen,OBOG,0.027092652955842407,Open Bog,1
1 km,114_P115-3_2025_peat_sites_1028,OBOG,0.3920134783238122,Open Bog,TrBOG,0.3464171455159398,Treed Bog,0.738430623839752
1 m,115_P115-5_2025_peat_sites_1028,TrBOG,1,Treed Bog,NA,NA,NA,NA
50 m,115_P115-5_2025_peat_sites_1028,TrBOG,0.8882322461686354,Treed Bog,ConSWA,0.07974806775538867,Coniferous Swamp,0.9679803139240241
100 m,115_P115-5_2025_peat_sites_1028,TrBOG,0.7315145281733508,Treed Bog,ConSWA,0.20841025922026257,Coniferous Swamp,0.9399247873936134
1 km,115_P115-5_2025_peat_sites_1028,TrBOG,0.4797032254571131,Treed Bog,OBOG,0.21203397732557408,Open Bog,0.6917372027826871
1 m,117_P238-5_2025_peat_sites_1028,OFEN,1,Open Fen,NA,NA,NA,NA
50 m,117_P238-5_2025_peat_sites_1028,OFEN,0.5119367499574942,Open Fen,OBOG,0.28046416077229763,Open Bog,0.7924009107297918
100 m,117_P238-5_2025_peat_sites_1028,OBOG,0.36797006361802503,Open Bog,TrBOG,0.34117038241974995,Treed Bog,0.709140446037775
1 km,117_P238-5_2025_peat_sites_1028,TrBOG,0.331917213349471,Treed Bog,OBOG,0.33129990808150195,Open Bog,0.663217121430973
1 m,118_P238-6_2025_peat_sites_1028,OBOG,1,Open Bog,NA,NA,NA,NA
50 m,118_P238-6_2025_peat_sites_1028,OBOG,0.9822299710271436,Open Bog,TrBOG,0.017770028972856358,Treed Bog,1
100 m,118_P238-6_2025_peat_sites_1028,OBOG,0.8837819170376504,Open Bog,TrBOG,0.11621808296234963,Treed Bog,1
1 km,118_P238-6_2025_peat_sites_1028,ConSWA,0.29835433371221537,Coniferous Swamp,TrBOG,0.21304958086869358,Treed Bog,0.511403914580909
1 m,120_P161-3_2025_peat_sites_1028,OFEN,1,Open Fen,NA,NA,NA,NA
50 m,120_P161-3_2025_peat_sites_1028,OFEN,0.8024105119470673,Open Fen,OBOG,0.1975894880529327,Open Bog,1
100 m,120_P161-3_2025_peat_sites_1028,OFEN,0.5298969054513145,Open Fen,OBOG,0.47010309454868543,Open Bog,1
1 km,120_P161-3_2025_peat_sites_1028,OFEN,0.6440432144386831,Open Fen,OBOG,0.16929205483419496,Open Bog,0.813335269272878
1 m,121_P161-6_2025_peat_sites_1028,OFEN,1,Open Fen,NA,NA,NA,NA
50 m,121_P161-6_2025_peat_sites_1028,OFEN,1,Open Fen,NA,NA,NA,NA
100 m,121_P161-6_2025_peat_sites_1028,OFEN,1,Open Fen,NA,NA,NA,NA
1 km,121_P161-6_2025_peat_sites_1028,OFEN,0.890615973551046,Open Fen,OBOG,0.0636108679891792,Open Bog,0.9542268415402253
1 m,122_P161-7_2025_peat_sites_1028,ConSWA,1,Coniferous Swamp,NA,NA,NA,NA
50 m,122_P161-7_2025_peat_sites_1028,ConSWA,0.778388689073715,Coniferous Swamp,OBOG,0.2216113109262851,Open Bog,1
100 m,122_P161-7_2025_peat_sites_1028,ConSWA,0.5362761776041721,Coniferous Swamp,OBOG,0.22503311576683996,Open Bog,0.761309293371012
1 km,122_P161-7_2025_peat_sites_1028,TrBOG,0.34715941908430936,Treed Bog,ConSWA,0.17842254633036553,Coniferous Swamp,0.525581965414675
1 m,123_P329-2_2025_peat_sites_1028,OBOG,1,Open Bog,NA,NA,NA,NA
50 m,123_P329-2_2025_peat_sites_1028,OBOG,1,Open Bog,NA,NA,NA,NA
100 m,123_P329-2_2025_peat_sites_1028,OBOG,1,Open Bog,NA,NA,NA,NA
1 km,123_P329-2_2025_peat_sites_1028,TrBOG,0.36336002691850594,Treed Bog,OBOG,0.22769825196798768,Open Bog,0.5910582788864936
1 m,124_P329-3_2025_peat_sites_1028,TrFEN,1,Treed Fen,NA,NA,NA,NA
50 m,124_P329-3_2025_peat_sites_1028,TrFEN,1,Treed Fen,NA,NA,NA,NA
100 m,124_P329-3_2025_peat_sites_1028,TrFEN,0.7858125012168549,Treed Fen,OFEN,0.20665712424427093,Open Fen,0.9924696254611258
1 km,124_P329-3_2025_peat_sites_1028,OFEN,0.4655467125053089,Open Fen,TrFEN,0.3286258818853293,Treed Fen,0.7941725943906381
1 m,125_P329-4_2025_peat_sites_1028,TrBOG,1,Treed Bog,NA,NA,NA,NA
50 m,125_P329-4_2025_peat_sites_1028,TrBOG,1,Treed Bog,NA,NA,NA,NA
100 m,125_P329-4_2025_peat_sites_1028,TrBOG,0.9689191074129182,Treed Bog,OFEN,0.031080892587081826,Open Fen,1
1 km,125_P329-4_2025_peat_sites_1028,OFEN,0.44370420136622046,Open Fen,TrBOG,0.3288302718637203,Treed Bog,0.7725344732299408
1 m,126_P329-5_2025_peat_sites_1028,TrFEN,1,Treed Fen,NA,NA,NA,NA
50 m,126_P329-5_2025_peat_sites_1028,TrFEN,0.8986093938187719,Treed Fen,WAT,0.10139060618122811,Clear Open Water,1
100 m,126_P329-5_2025_peat_sites_1028,TrFEN,0.648874986823768,Treed Fen,WAT,0.20457390086355715,Clear Open Water,0.8534488876873252
1 km,126_P329-5_2025_peat_sites_1028,TrBOG,0.3135522879397276,Treed Bog,ConSWA,0.21644251329554637,Coniferous Swamp,0.529994801235274
1 m,127_P145-1_2025_peat_sites_1028,OBOG,1,Open Bog,NA,NA,NA,NA
50 m,127_P145-1_2025_peat_sites_1028,OBOG,1,Open Bog,NA,NA,NA,NA
100 m,127_P145-1_2025_peat_sites_1028,OBOG,1,Open Bog,NA,NA,NA,NA
1 km,127_P145-1_2025_peat_sites_1028,OBOG,0.7250878281043395,Open Bog,TrBOG,0.23349806441950297,Treed Bog,0.9585858925238424
1 m,12_P245-4_2025_peat_sites_1028,TrFEN,1,Treed Fen,NA,NA,NA,NA
50 m,12_P245-4_2025_peat_sites_1028,TrFEN,0.5778025729451067,Treed Fen,ConSWA,0.42219742705489327,Coniferous Swamp,1
100 m,12_P245-4_2025_peat_sites_1028,TrFEN,0.6312051339626574,Treed Fen,ConSWA,0.3038976092853999,Coniferous Swamp,0.9351027432480573
1 km,12_P245-4_2025_peat_sites_1028,ConSWA,0.3436591979401593,Coniferous Swamp,TrBOG,0.2868600783245772,Treed Bog,0.6305192762647365
1 m,130_P145-4_2025_peat_sites_1028,TrBOG,1,Treed Bog,NA,NA,NA,NA
50 m,130_P145-4_2025_peat_sites_1028,TrBOG,0.6933407862974997,Treed Bog,OBOG,0.30665921370250027,Open Bog,1
100 m,130_P145-4_2025_peat_sites_1028,TrBOG,0.557155874075616,Treed Bog,OBOG,0.44284412592438405,Open Bog,1
1 km,130_P145-4_2025_peat_sites_1028,OBOG,0.7050566158176483,Open Bog,TrBOG,0.25149904517581456,Treed Bog,0.9565556609934629
1 m,131_Q619-1_2025_peat_sites_1028,TrBOG,1,Treed Bog,NA,NA,NA,NA
50 m,131_Q619-1_2025_peat_sites_1028,TrBOG,0.8556578734121352,Treed Bog,ConSWA,0.14434212658786486,Coniferous Swamp,1
100 m,131_Q619-1_2025_peat_sites_1028,TrBOG,0.7764533920673202,Treed Bog,ConSWA,0.2235466079326798,Coniferous Swamp,1
1 km,131_Q619-1_2025_peat_sites_1028,TrBOG,0.3864644281046414,Treed Bog,ConSWA,0.1821905053341049,Coniferous Swamp,0.5686549334387463
1 m,132_Q619-2_2025_peat_sites_1028,ConSWA,1,Coniferous Swamp,NA,NA,NA,NA
50 m,132_Q619-2_2025_peat_sites_1028,ConSWA,0.8394991290547821,Coniferous Swamp,TrBOG,0.16050087094521795,Treed Bog,1
100 m,132_Q619-2_2025_peat_sites_1028,ConSWA,0.7317713466705521,Coniferous Swamp,TrBOG,0.2682286533294479,Treed Bog,1
1 km,132_Q619-2_2025_peat_sites_1028,TrBOG,0.43160554126002004,Treed Bog,ConSWA,0.24336827050971263,Coniferous Swamp,0.6749738117697327
1 m,133_Q619-3_2025_peat_sites_1028,TrBOG,1,Treed Bog,NA,NA,NA,NA
50 m,133_Q619-3_2025_peat_sites_1028,TrBOG,0.9905908518655729,Treed Bog,ConSWA,0.00940914813442701,Coniferous Swamp,1
100 m,133_Q619-3_2025_peat_sites_1028,TrBOG,0.8411816663666055,Treed Bog,ConSWA,0.15881833363339445,Coniferous Swamp,1
1 km,133_Q619-3_2025_peat_sites_1028,TrBOG,0.3990976552495023,Treed Bog,ConSWA,0.2676438356886286,Coniferous Swamp,0.6667414909381308
1 m,134_Q619-4_2025_peat_sites_1028,OFEN,1,Open Fen,NA,NA,NA,NA
50 m,134_Q619-4_2025_peat_sites_1028,OFEN,1,Open Fen,NA,NA,NA,NA
100 m,134_Q619-4_2025_peat_sites_1028,OFEN,0.9284893689013464,Open Fen,OBOG,0.07151063109865366,Open Bog,1
1 km,134_Q619-4_2025_peat_sites_1028,OBOG,0.364816692904968,Open Bog,TrBOG,0.3446005128909226,Treed Bog,0.7094172057958905
1 m,135_P209-1_2025_peat_sites_1028,OBOG,1,Open Bog,NA,NA,NA,NA
50 m,135_P209-1_2025_peat_sites_1028,OBOG,0.7951417401055397,Open Bog,TrBOG,0.20485825989446033,Treed Bog,1
100 m,135_P209-1_2025_peat_sites_1028,OBOG,0.6738145678069474,Open Bog,TrBOG,0.2712305690691272,Treed Bog,0.9450451368760746
1 km,135_P209-1_2025_peat_sites_1028,OBOG,0.6346966602129431,Open Bog,TrFEN,0.2104350838170928,Treed Fen,0.8451317440300359
1 m,136_P209-3_2025_peat_sites_1028,OBOG,1,Open Bog,NA,NA,NA,NA
50 m,136_P209-3_2025_peat_sites_1028,TrBOG,0.5546751156047386,Treed Bog,OBOG,0.4453248843952614,Open Bog,1
100 m,136_P209-3_2025_peat_sites_1028,TrBOG,0.6271001071194914,Treed Bog,OBOG,0.3602636136322607,Open Bog,0.987363720751752
1 km,136_P209-3_2025_peat_sites_1028,TrFEN,0.4708270412617715,Treed Fen,OBOG,0.22264613243525358,Open Bog,0.6934731736970251
1 m,137_P209-4_2025_peat_sites_1028,OBOG,1,Open Bog,NA,NA,NA,NA
50 m,137_P209-4_2025_peat_sites_1028,OBOG,1,Open Bog,NA,NA,NA,NA
100 m,137_P209-4_2025_peat_sites_1028,OBOG,1,Open Bog,NA,NA,NA,NA
1 km,137_P209-4_2025_peat_sites_1028,TrFEN,0.44184559033910614,Treed Fen,OBOG,0.2876302797890236,Open Bog,0.7294758701281298
1 m,138_P209-8_2025_peat_sites_1028,OBOG,1,Open Bog,NA,NA,NA,NA
50 m,138_P209-8_2025_peat_sites_1028,OBOG,0.9970432074031207,Open Bog,TrFEN,0.002956792596879282,Treed Fen,1
100 m,138_P209-8_2025_peat_sites_1028,OBOG,0.7818603585333064,Open Bog,TrFEN,0.2181396414666936,Treed Fen,1
1 km,138_P209-8_2025_peat_sites_1028,OBOG,0.3776182015903438,Open Bog,TrFEN,0.3458718651443519,Treed Fen,0.7234900667346957
1 m,139_P307-1_2025_peat_sites_1028,TrBOG,1,Treed Bog,NA,NA,NA,NA
50 m,139_P307-1_2025_peat_sites_1028,TrBOG,0.6514398793954028,Treed Bog,TrFEN,0.34856012060459723,Treed Fen,1
100 m,139_P307-1_2025_peat_sites_1028,TrBOG,0.6587334040028016,Treed Bog,TrFEN,0.3412665959971985,Treed Fen,1
1 km,139_P307-1_2025_peat_sites_1028,TrFEN,0.5067296981682368,Treed Fen,TrBOG,0.3173620323846135,Treed Bog,0.8240917305528503
1 m,13_P246-1_2025_peat_sites_1028,ThSWA,0.9590775710646944,Thicket Swamp,WAT,0.04092242893530561,Clear Open Water,1
50 m,13_P246-1_2025_peat_sites_1028,ThSWA,0.5470687759007417,Thicket Swamp,WAT,0.3813823036455739,Clear Open Water,0.9284510795463156
100 m,13_P246-1_2025_peat_sites_1028,ThSWA,0.31368827417310097,Thicket Swamp,ConSWA,0.23652368298335436,Coniferous Swamp,0.5502119571564553
1 km,13_P246-1_2025_peat_sites_1028,OBOG,0.32827944297525,Open Bog,OFEN,0.25035470402340826,Open Fen,0.5786341469986582
1 m,140_P307-3_2025_peat_sites_1028,TrFEN,1,Treed Fen,NA,NA,NA,NA
50 m,140_P307-3_2025_peat_sites_1028,TrFEN,1,Treed Fen,NA,NA,NA,NA
100 m,140_P307-3_2025_peat_sites_1028,TrFEN,1,Treed Fen,NA,NA,NA,NA
1 km,140_P307-3_2025_peat_sites_1028,TrFEN,0.9406731936881458,Treed Fen,TrBOG,0.041283986041497044,Treed Bog,0.9819571797296429
1 m,141_P307-4_2025_peat_sites_1028,TrFEN,1,Treed Fen,NA,NA,NA,NA
50 m,141_P307-4_2025_peat_sites_1028,TrBOG,0.5933071303870457,Treed Bog,TrFEN,0.4066928696129543,Treed Fen,1
100 m,141_P307-4_2025_peat_sites_1028,TrFEN,0.501715045437807,Treed Fen,TrBOG,0.49828495456219307,Treed Bog,1
1 km,141_P307-4_2025_peat_sites_1028,TrFEN,0.8528414760092924,Treed Fen,TrBOG,0.11089551615331134,Treed Bog,0.9637369921626038
1 m,142_P133-1_2025_peat_sites_1028,OFEN,1,Open Fen,NA,NA,NA,NA
50 m,142_P133-1_2025_peat_sites_1028,OFEN,0.5057686222858748,Open Fen,OBOG,0.4942313777141252,Open Bog,1
100 m,142_P133-1_2025_peat_sites_1028,OBOG,0.5815821582734124,Open Bog,OFEN,0.4143219732765859,Open Fen,0.9959041315499984
1 km,142_P133-1_2025_peat_sites_1028,OBOG,0.39344867595658156,Open Bog,OFEN,0.36408598083953514,Open Fen,0.7575346567961168
1 m,143_P133-3_2025_peat_sites_1028,ThSWA,1,Thicket Swamp,NA,NA,NA,NA
50 m,143_P133-3_2025_peat_sites_1028,ThSWA,0.4011365636179683,Thicket Swamp,ConSWA,0.3784080173226383,Coniferous Swamp,0.7795445809406065
100 m,143_P133-3_2025_peat_sites_1028,ConSWA,0.5713610864569786,Coniferous Swamp,WAT,0.25573699174090075,Clear Open Water,0.8270980781978794
1 km,143_P133-3_2025_peat_sites_1028,TrBOG,0.3376028237499237,Treed Bog,OBOG,0.2529719603589794,Open Bog,0.5905747841089031
1 m,144_P133-4_2025_peat_sites_1028,OFEN,1,Open Fen,NA,NA,NA,NA
50 m,144_P133-4_2025_peat_sites_1028,OFEN,1,Open Fen,NA,NA,NA,NA
100 m,144_P133-4_2025_peat_sites_1028,OFEN,1,Open Fen,NA,NA,NA,NA
1 km,144_P133-4_2025_peat_sites_1028,OFEN,0.5590132649312805,Open Fen,OBOG,0.3979577949928063,Open Bog,0.9569710599240868
1 m,145_P133-8_2025_peat_sites_1028,ConSWA,1,Coniferous Swamp,NA,NA,NA,NA
50 m,145_P133-8_2025_peat_sites_1028,ConSWA,0.8578001386303712,Coniferous Swamp,TrBOG,0.14219986136962887,Treed Bog,1
100 m,145_P133-8_2025_peat_sites_1028,ConSWA,0.7197350649788695,Coniferous Swamp,TrBOG,0.21471014201091299,Treed Bog,0.9344452069897825
1 km,145_P133-8_2025_peat_sites_1028,TrBOG,0.3170358447247878,Treed Bog,ConSWA,0.29374404329225084,Coniferous Swamp,0.6107798880170386
1 m,146_P173-1_2025_peat_sites_1028,TrBOG,1,Treed Bog,NA,NA,NA,NA
50 m,146_P173-1_2025_peat_sites_1028,TrBOG,0.8717299746628493,Treed Bog,ConTRE,0.12827002533715068,Coniferous Treed,1
100 m,146_P173-1_2025_peat_sites_1028,TrBOG,0.5517555479375218,Treed Bog,ConTRE,0.27687650177952866,Coniferous Treed,0.8286320497170505
1 km,146_P173-1_2025_peat_sites_1028,TrBOG,0.38769380319786795,Treed Bog,OBOG,0.2255098035585158,Open Bog,0.6132036067563837
1 m,147_P173-2_2025_peat_sites_1028,TrBOG,1,Treed Bog,NA,NA,NA,NA
50 m,147_P173-2_2025_peat_sites_1028,TrBOG,0.8871522981347743,Treed Bog,OBOG,0.11284770186522575,Open Bog,1
100 m,147_P173-2_2025_peat_sites_1028,TrBOG,0.796482982573949,Treed Bog,OBOG,0.20351701742605094,Open Bog,1
1 km,147_P173-2_2025_peat_sites_1028,TrBOG,0.40249343099798357,Treed Bog,OBOG,0.22004982347619056,Open Bog,0.6225432544741741
1 m,148_P173-3_2025_peat_sites_1028,OBOG,1,Open Bog,NA,NA,NA,NA
50 m,148_P173-3_2025_peat_sites_1028,OBOG,1,Open Bog,NA,NA,NA,NA
100 m,148_P173-3_2025_peat_sites_1028,OBOG,0.9828615985013226,Open Bog,TrBOG,0.017138401498677354,Treed Bog,1
1 km,148_P173-3_2025_peat_sites_1028,ConSWA,0.23181817671350516,Coniferous Swamp,TrBOG,0.22315930929560712,Treed Bog,0.45497748600911225
1 m,149_P173-7_2025_peat_sites_1028,TrBOG,1,Treed Bog,NA,NA,NA,NA
50 m,149_P173-7_2025_peat_sites_1028,TrBOG,0.7941572616299569,Treed Bog,TrFEN,0.20584273837004302,Treed Fen,1
100 m,149_P173-7_2025_peat_sites_1028,TrBOG,0.656045880942493,Treed Bog,TrFEN,0.21109074961898355,Treed Fen,0.8671366305614766
1 km,149_P173-7_2025_peat_sites_1028,ConTRE,0.24252831485719115,Coniferous Treed,ConSWA,0.20628755897920548,Coniferous Swamp,0.44881587383639665
1 m,151_Q624-6_2025_peat_sites_1028,ConSWA,1,Coniferous Swamp,NA,NA,NA,NA
50 m,151_Q624-6_2025_peat_sites_1028,TrFEN,0.5283175820597276,Treed Fen,ConSWA,0.4716824179402724,Coniferous Swamp,1
100 m,151_Q624-6_2025_peat_sites_1028,TrFEN,0.6478056137048056,Treed Fen,ConSWA,0.35219438629519445,Coniferous Swamp,1
1 km,151_Q624-6_2025_peat_sites_1028,TrFEN,0.7908395637041652,Treed Fen,TrBOG,0.12144818912646502,Treed Bog,0.9122877528306302
1 m,152_Q624-7_2025_peat_sites_1028,OBOG,1,Open Bog,NA,NA,NA,NA
50 m,152_Q624-7_2025_peat_sites_1028,OBOG,0.5347323031800043,Open Bog,TrBOG,0.4652676968199957,Treed Bog,1
100 m,152_Q624-7_2025_peat_sites_1028,OBOG,0.4974620130620602,Open Bog,TrBOG,0.48783679319191153,Treed Bog,0.9852988062539718
1 km,152_Q624-7_2025_peat_sites_1028,TrFEN,0.3066074758960773,Treed Fen,TrBOG,0.26045773918350706,Treed Bog,0.5670652150795843
1 m,154_Q629-3_2025_peat_sites_1028,TrFEN,1,Treed Fen,NA,NA,NA,NA
50 m,154_Q629-3_2025_peat_sites_1028,TrFEN,0.7151439365462184,Treed Fen,ConSWA,0.2848560634537815,Coniferous Swamp,1
100 m,154_Q629-3_2025_peat_sites_1028,TrFEN,0.7790403250860356,Treed Fen,ConSWA,0.18787394411497033,Coniferous Swamp,0.966914269201006
1 km,154_Q629-3_2025_peat_sites_1028,TrFEN,0.4060061615975902,Treed Fen,TrBOG,0.17250498155914873,Treed Bog,0.5785111431567389
1 m,155_Q629-6_2025_peat_sites_1028,TrFEN,1,Treed Fen,NA,NA,NA,NA
50 m,155_Q629-6_2025_peat_sites_1028,OFEN,0.5298452680598419,Open Fen,TrFEN,0.45252213242097356,Treed Fen,0.9823674004808154
100 m,155_Q629-6_2025_peat_sites_1028,OFEN,0.42016413893996846,Open Fen,TrFEN,0.30295885998279604,Treed Fen,0.7231229989227645
1 km,155_Q629-6_2025_peat_sites_1028,TrFEN,0.4529983971715304,Treed Fen,TrBOG,0.2892100789381336,Treed Bog,0.742208476109664
1 m,156_Q629-8_2025_peat_sites_1028,OBOG,1,Open Bog,NA,NA,NA,NA
50 m,156_Q629-8_2025_peat_sites_1028,OBOG,0.9972873384428955,Open Bog,TrBOG,0.0027126615571044857,Treed Bog,1
100 m,156_Q629-8_2025_peat_sites_1028,OBOG,0.9084322573576693,Open Bog,TrBOG,0.09156774264233067,Treed Bog,1
1 km,156_Q629-8_2025_peat_sites_1028,TrBOG,0.5575215402868028,Treed Bog,OBOG,0.19970088882245474,Open Bog,0.7572224291092575
1 m,157_Q637-1_2025_peat_sites_1028,OBOG,1,Open Bog,NA,NA,NA,NA
50 m,157_Q637-1_2025_peat_sites_1028,OBOG,0.5611135963792253,Open Bog,OFEN,0.43888640362077475,Open Fen,1
100 m,157_Q637-1_2025_peat_sites_1028,OFEN,0.5544810401903976,Open Fen,OBOG,0.3371503815151713,Open Bog,0.8916314217055689
1 km,157_Q637-1_2025_peat_sites_1028,TrBOG,0.3111901203876106,Treed Bog,OBOG,0.2832665134912242,Open Bog,0.5944566338788349
1 m,158_Q637-2_2025_peat_sites_1028,TrFEN,1,Treed Fen,NA,NA,NA,NA
50 m,158_Q637-2_2025_peat_sites_1028,TrFEN,0.6824871709311131,Treed Fen,TrBOG,0.31751282906888695,Treed Bog,1
100 m,158_Q637-2_2025_peat_sites_1028,TrBOG,0.5290893616812555,Treed Bog,TrFEN,0.46376375045296525,Treed Fen,0.9928531121342208
1 km,158_Q637-2_2025_peat_sites_1028,TrBOG,0.40698805699283425,Treed Bog,TrFEN,0.22297717649095644,Treed Fen,0.6299652334837906
1 m,159_Q637-4_2025_peat_sites_1028,TrFEN,1,Treed Fen,NA,NA,NA,NA
50 m,159_Q637-4_2025_peat_sites_1028,TrFEN,0.8923370807327717,Treed Fen,OBOG,0.10766291926722828,Open Bog,1
100 m,159_Q637-4_2025_peat_sites_1028,TrFEN,0.572977541891933,Treed Fen,OBOG,0.2556602739171953,Open Bog,0.8286378158091283
1 km,159_Q637-4_2025_peat_sites_1028,OBOG,0.3349999732676782,Open Bog,TrBOG,0.3036271254128285,Treed Bog,0.6386270986805067
1 m,15_P246-3_2025_peat_sites_1028,TrBOG,1,Treed Bog,NA,NA,NA,NA
50 m,15_P246-3_2025_peat_sites_1028,TrBOG,0.584244052938305,Treed Bog,OBOG,0.4157559470616951,Open Bog,1
100 m,15_P246-3_2025_peat_sites_1028,OBOG,0.5595572841047571,Open Bog,TrBOG,0.43495134843532723,Treed Bog,0.9945086325400844
1 km,15_P246-3_2025_peat_sites_1028,TrBOG,0.3571211656838995,Treed Bog,ConSWA,0.2655162022914911,Coniferous Swamp,0.6226373679753906
1 m,160_Q637-5_2025_peat_sites_1028,OBOG,1,Open Bog,NA,NA,NA,NA
50 m,160_Q637-5_2025_peat_sites_1028,OBOG,0.6840575284000776,Open Bog,TrBOG,0.31594247159992234,Treed Bog,1
100 m,160_Q637-5_2025_peat_sites_1028,OBOG,0.5353004672014505,Open Bog,TrBOG,0.4646995327985494,Treed Bog,1
1 km,160_Q637-5_2025_peat_sites_1028,TrBOG,0.4052762638457545,Treed Bog,OBOG,0.30665900996190343,Open Bog,0.7119352738076579
1 m,17_P273-1_2025_peat_sites_1028,ConTRE,1,Coniferous Treed,NA,NA,NA,NA
50 m,17_P273-1_2025_peat_sites_1028,ConTRE,0.859181070822254,Coniferous Treed,ConSWA,0.14081892917774594,Coniferous Swamp,1
100 m,17_P273-1_2025_peat_sites_1028,ConTRE,0.5343287417483803,Coniferous Treed,ConSWA,0.46567125825161965,Coniferous Swamp,1
1 km,17_P273-1_2025_peat_sites_1028,ConSWA,0.45918648351332975,Coniferous Swamp,TrFEN,0.3121435778498738,Treed Fen,0.7713300613632035
1 m,19_P273-3_2025_peat_sites_1028,TrFEN,1,Treed Fen,NA,NA,NA,NA
50 m,19_P273-3_2025_peat_sites_1028,TrFEN,0.7529482076562399,Treed Fen,ConSWA,0.2470517923437601,Coniferous Swamp,1
100 m,19_P273-3_2025_peat_sites_1028,TrFEN,0.6963790663728229,Treed Fen,ConSWA,0.3036209336271772,Coniferous Swamp,1
1 km,19_P273-3_2025_peat_sites_1028,TrFEN,0.3585644888770317,Treed Fen,ConSWA,0.28699341140629714,Coniferous Swamp,0.6455579002833288
1 m,1_P229-1_2025_peat_sites_1028,TrBOG,1,Treed Bog,NA,NA,NA,NA
50 m,1_P229-1_2025_peat_sites_1028,TrBOG,1,Treed Bog,NA,NA,NA,NA
100 m,1_P229-1_2025_peat_sites_1028,TrBOG,0.9634839857520764,Treed Bog,ConSWA,0.0365160142479236,Coniferous Swamp,1
1 km,1_P229-1_2025_peat_sites_1028,ConSWA,0.35743590007414533,Coniferous Swamp,TrBOG,0.24596426747195715,Treed Bog,0.6034001675461025
1 m,21_P284-1_2025_peat_sites_1028,SpTRE,1,Sparse Treed,NA,NA,NA,NA
50 m,21_P284-1_2025_peat_sites_1028,SpTRE,0.9161766011735629,Sparse Treed,MixTRE,0.06499663950148495,Mixed Treed,0.9811732406750479
100 m,21_P284-1_2025_peat_sites_1028,SpTRE,0.45702481992527416,Sparse Treed,ConTRE,0.248661487701989,Coniferous Treed,0.7056863076272631
1 km,21_P284-1_2025_peat_sites_1028,ConSWA,0.21026517815112927,Coniferous Swamp,ConTRE,0.18597732689542093,Coniferous Treed,0.39624250504655023
1 m,22_P284-2_2025_peat_sites_1028,TrFEN,1,Treed Fen,NA,NA,NA,NA
50 m,22_P284-2_2025_peat_sites_1028,TrFEN,0.9790072503073414,Treed Fen,ConSWA,0.02099274969265862,Coniferous Swamp,1
100 m,22_P284-2_2025_peat_sites_1028,TrFEN,0.895331039925083,Treed Fen,ConSWA,0.07963131194217787,Coniferous Swamp,0.9749623518672609
1 km,22_P284-2_2025_peat_sites_1028,TrBOG,0.3319562355157044,Treed Bog,ConSWA,0.25768603073405943,Coniferous Swamp,0.5896422662497638
1 m,23_P284-3_2025_peat_sites_1028,TrFEN,1,Treed Fen,NA,NA,NA,NA
50 m,23_P284-3_2025_peat_sites_1028,TrFEN,0.6851182545672868,Treed Fen,ConTRE,0.24484281894861953,Coniferous Treed,0.9299610735159063
100 m,23_P284-3_2025_peat_sites_1028,ConSWA,0.41172688647003547,Coniferous Swamp,ConTRE,0.358985241920204,Coniferous Treed,0.7707121283902394
1 km,23_P284-3_2025_peat_sites_1028,ConSWA,0.2801667298347225,Coniferous Swamp,TrBOG,0.1917502773280595,Treed Bog,0.471917007162782
1 m,24_P284-4_2025_peat_sites_1028,MixTRE,1,Mixed Treed,NA,NA,NA,NA
50 m,24_P284-4_2025_peat_sites_1028,MixTRE,0.6971444111117688,Mixed Treed,ConTRE,0.30285558888823116,Coniferous Treed,1
100 m,24_P284-4_2025_peat_sites_1028,MixTRE,0.5248999526839054,Mixed Treed,ConTRE,0.4377397586603745,Coniferous Treed,0.96263971134428
1 km,24_P284-4_2025_peat_sites_1028,TrBOG,0.18366904621900096,Treed Bog,MixTRE,0.1786309224127743,Mixed Treed,0.36229996863177527
1 m,27_P311-3_2025_peat_sites_1028,TrBOG,1,Treed Bog,NA,NA,NA,NA
50 m,27_P311-3_2025_peat_sites_1028,TrBOG,0.7212018537261773,Treed Bog,ConSWA,0.27879814627382277,Coniferous Swamp,1
100 m,27_P311-3_2025_peat_sites_1028,TrBOG,0.55108234218634,Treed Bog,ConSWA,0.4086859772039952,Coniferous Swamp,0.9597683193903352
1 km,27_P311-3_2025_peat_sites_1028,TrFEN,0.4498401791377996,Treed Fen,ConSWA,0.25646430082805005,Coniferous Swamp,0.7063044799658497
1 m,28_P311-4_2025_peat_sites_1028,TrFEN,1,Treed Fen,NA,NA,NA,NA
50 m,28_P311-4_2025_peat_sites_1028,TrFEN,0.6630368200369998,Treed Fen,TrBOG,0.3369631799630002,Treed Bog,1
100 m,28_P311-4_2025_peat_sites_1028,TrFEN,0.5251015890780003,Treed Fen,TrBOG,0.47489841092199964,Treed Bog,1
1 km,28_P311-4_2025_peat_sites_1028,TrFEN,0.49970862542971933,Treed Fen,TrBOG,0.18464005419757917,Treed Bog,0.6843486796272985
1 m,29_P323-3_2025_peat_sites_1028,OBOG,1,Open Bog,NA,NA,NA,NA
50 m,29_P323-3_2025_peat_sites_1028,OBOG,0.8149645411057002,Open Bog,TrBOG,0.18503545889429984,Treed Bog,1
100 m,29_P323-3_2025_peat_sites_1028,OBOG,0.6075481035343243,Open Bog,TrBOG,0.39245189646567574,Treed Bog,1
1 km,29_P323-3_2025_peat_sites_1028,TrFEN,0.34518318819013605,Treed Fen,OBOG,0.2028590968218209,Open Bog,0.548042285011957
1 m,30_P348-1_2025_peat_sites_1028,ConTRE,1,Coniferous Treed,NA,NA,NA,NA
50 m,30_P348-1_2025_peat_sites_1028,WAT,0.4526191741858775,Clear Open Water,ConTRE,0.33934394769573684,Coniferous Treed,0.7919631218816143
100 m,30_P348-1_2025_peat_sites_1028,ConTRE,0.5379684289292723,Coniferous Treed,WAT,0.26418672016326955,Clear Open Water,0.8021551490925418
1 km,30_P348-1_2025_peat_sites_1028,TrFEN,0.5687833103409279,Treed Fen,ConSWA,0.2809063313133794,Coniferous Swamp,0.8496896416543073
1 m,31_P348-2_2025_peat_sites_1028,ConSWA,1,Coniferous Swamp,NA,NA,NA,NA
50 m,31_P348-2_2025_peat_sites_1028,ConSWA,1,Coniferous Swamp,NA,NA,NA,NA
100 m,31_P348-2_2025_peat_sites_1028,ConSWA,0.9733945942727203,Coniferous Swamp,TrFEN,0.02660540572727968,Treed Fen,1
1 km,31_P348-2_2025_peat_sites_1028,TrFEN,0.4894500860696856,Treed Fen,ConSWA,0.42288410727602865,Coniferous Swamp,0.9123341933457143
1 m,32_P348-3_2025_peat_sites_1028,TrFEN,1,Treed Fen,NA,NA,NA,NA
50 m,32_P348-3_2025_peat_sites_1028,TrFEN,1,Treed Fen,NA,NA,NA,NA
100 m,32_P348-3_2025_peat_sites_1028,TrFEN,0.9749217535531074,Treed Fen,ConSWA,0.025078246446892598,Coniferous Swamp,1
1 km,32_P348-3_2025_peat_sites_1028,TrFEN,0.5140012079071766,Treed Fen,ConSWA,0.40568666410974796,Coniferous Swamp,0.9196878720169246
1 m,33_P348-4_2025_peat_sites_1028,TrFEN,1,Treed Fen,NA,NA,NA,NA
50 m,33_P348-4_2025_peat_sites_1028,TrFEN,0.7379394245980794,Treed Fen,WAT,0.2615391400616116,Clear Open Water,0.999478564659691
100 m,33_P348-4_2025_peat_sites_1028,TrFEN,0.44074999308538404,Treed Fen,WAT,0.2921673072449223,Clear Open Water,0.7329173003303063
1 km,33_P348-4_2025_peat_sites_1028,TrFEN,0.5666853519877095,Treed Fen,ConSWA,0.1767589954157035,Coniferous Swamp,0.743444347403413
1 m,34_P349-1_2025_peat_sites_1028,TrFEN,1,Treed Fen,NA,NA,NA,NA
50 m,34_P349-1_2025_peat_sites_1028,TrFEN,1,Treed Fen,NA,NA,NA,NA
100 m,34_P349-1_2025_peat_sites_1028,TrFEN,0.9282855826895906,Treed Fen,ConTRE,0.04332674458854375,Coniferous Treed,0.9716123272781344
1 km,34_P349-1_2025_peat_sites_1028,TrFEN,0.6435668929543809,Treed Fen,TrBOG,0.17810078501362767,Treed Bog,0.8216676779680085
1 m,35_P349-2_2025_peat_sites_1028,ConSWA,1,Coniferous Swamp,NA,NA,NA,NA
50 m,35_P349-2_2025_peat_sites_1028,ConSWA,0.810251596769397,Coniferous Swamp,TrBOG,0.1707811411029544,Treed Bog,0.9810327378723513
100 m,35_P349-2_2025_peat_sites_1028,ConSWA,0.4854828741688676,Coniferous Swamp,TrBOG,0.30271758253633624,Treed Bog,0.7882004567052039
1 km,35_P349-2_2025_peat_sites_1028,TrFEN,0.519685110150123,Treed Fen,ConSWA,0.2048564276762822,Coniferous Swamp,0.7245415378264052
1 m,36_P349-3_2025_peat_sites_1028,TrFEN,1,Treed Fen,NA,NA,NA,NA
50 m,36_P349-3_2025_peat_sites_1028,TrFEN,1,Treed Fen,NA,NA,NA,NA
100 m,36_P349-3_2025_peat_sites_1028,TrFEN,0.9901718224931407,Treed Fen,ConSWA,0.009828177506859274,Coniferous Swamp,1
1 km,36_P349-3_2025_peat_sites_1028,TrFEN,0.768824090861455,Treed Fen,ConSWA,0.12421970910646832,Coniferous Swamp,0.8930437999679233
1 m,38_P362-1_2025_peat_sites_1028,TrFEN,1,Treed Fen,NA,NA,NA,NA
50 m,38_P362-1_2025_peat_sites_1028,TrFEN,0.9997426452484723,Treed Fen,WAT,2.573547515276921e-4,Clear Open Water,1
100 m,38_P362-1_2025_peat_sites_1028,TrFEN,0.7904652414065501,Treed Fen,WAT,0.1819032729572426,Clear Open Water,0.9723685143637927
1 km,38_P362-1_2025_peat_sites_1028,TrFEN,0.2876967372616473,Treed Fen,TrBOG,0.23801122604932012,Treed Bog,0.5257079633109674
1 m,39_P362-2_2025_peat_sites_1028,OBOG,1,Open Bog,NA,NA,NA,NA
50 m,39_P362-2_2025_peat_sites_1028,TrBOG,0.5402791531174689,Treed Bog,OBOG,0.4597208468825311,Open Bog,1
100 m,39_P362-2_2025_peat_sites_1028,TrBOG,0.5880692062046239,Treed Bog,OBOG,0.34447625149562183,Open Bog,0.9325454577002457
1 km,39_P362-2_2025_peat_sites_1028,TrFEN,0.3897975267883559,Treed Fen,TrBOG,0.16927935772150546,Treed Bog,0.5590768845098614
1 m,3_P229-3_2025_peat_sites_1028,OBOG,1,Open Bog,NA,NA,NA,NA
50 m,3_P229-3_2025_peat_sites_1028,OBOG,0.6076818368575531,Open Bog,TrBOG,0.39231816314244694,Treed Bog,1
100 m,3_P229-3_2025_peat_sites_1028,OBOG,0.5985774600535275,Open Bog,TrBOG,0.4014225399464725,Treed Bog,1
1 km,3_P229-3_2025_peat_sites_1028,OBOG,0.4325074518159635,Open Bog,TrBOG,0.2888607761030751,Treed Bog,0.7213682279190385
1 m,40_P362-3_2025_peat_sites_1028,OBOG,1,Open Bog,NA,NA,NA,NA
50 m,40_P362-3_2025_peat_sites_1028,OBOG,1,Open Bog,NA,NA,NA,NA
100 m,40_P362-3_2025_peat_sites_1028,OBOG,0.8159586459554877,Open Bog,OFEN,0.1830949317077676,Open Fen,0.9990535776632553
1 km,40_P362-3_2025_peat_sites_1028,TrFEN,0.340797754460512,Treed Fen,OBOG,0.24665315366622073,Open Bog,0.5874509081267327
1 m,41_P362-4_2025_peat_sites_1028,OBOG,1,Open Bog,NA,NA,NA,NA
50 m,41_P362-4_2025_peat_sites_1028,OBOG,0.883602701540903,Open Bog,TrBOG,0.11639729845909697,Treed Bog,1
100 m,41_P362-4_2025_peat_sites_1028,OBOG,0.7274679914727465,Open Bog,TrBOG,0.1992001728795106,Treed Bog,0.9266681643522572
1 km,41_P362-4_2025_peat_sites_1028,TrFEN,0.379502311289943,Treed Fen,ConSWA,0.21512646083874304,Coniferous Swamp,0.594628772128686
1 m,43_Q618-2_2025_peat_sites_1028,ConSWA,1,Coniferous Swamp,NA,NA,NA,NA
50 m,43_Q618-2_2025_peat_sites_1028,ConSWA,1,Coniferous Swamp,NA,NA,NA,NA
100 m,43_Q618-2_2025_peat_sites_1028,ConSWA,0.9308846663259495,Coniferous Swamp,WAT,0.0691153336740506,Clear Open Water,1
1 km,43_Q618-2_2025_peat_sites_1028,ConSWA,0.3751580576644939,Coniferous Swamp,TrBOG,0.3051129972884767,Treed Bog,0.6802710549529706
1 m,44_Q618-3_2025_peat_sites_1028,ConSWA,1,Coniferous Swamp,NA,NA,NA,NA
50 m,44_Q618-3_2025_peat_sites_1028,ConSWA,1,Coniferous Swamp,NA,NA,NA,NA
100 m,44_Q618-3_2025_peat_sites_1028,ConSWA,0.8210683693453169,Coniferous Swamp,TrFEN,0.1258525209105033,Treed Fen,0.9469208902558202
1 km,44_Q618-3_2025_peat_sites_1028,TrBOG,0.2649503485295014,Treed Bog,OBOG,0.25781011155413036,Open Bog,0.5227604600836318
1 m,45_Q618-4_2025_peat_sites_1028,TrBOG,1,Treed Bog,NA,NA,NA,NA
50 m,45_Q618-4_2025_peat_sites_1028,TrBOG,1,Treed Bog,NA,NA,NA,NA
100 m,45_Q618-4_2025_peat_sites_1028,TrBOG,1,Treed Bog,NA,NA,NA,NA
1 km,45_Q618-4_2025_peat_sites_1028,TrBOG,0.5316962917220392,Treed Bog,OBOG,0.17963421861277434,Open Bog,0.7113305103348135
1 m,46_Q628-1_2025_peat_sites_1028,OBOG,1,Open Bog,NA,NA,NA,NA
50 m,46_Q628-1_2025_peat_sites_1028,TrBOG,0.535789465356108,Treed Bog,OBOG,0.4168460908363382,Open Bog,0.9526355561924462
100 m,46_Q628-1_2025_peat_sites_1028,TrBOG,0.3781253214438897,Treed Bog,OBOG,0.3265451099684458,Open Bog,0.7046704314123355
1 km,46_Q628-1_2025_peat_sites_1028,TrBOG,0.25059210318438685,Treed Bog,TrFEN,0.21794607812302705,Treed Fen,0.46853818130741387
1 m,47_Q628-2_2025_peat_sites_1028,TrBOG,1,Treed Bog,NA,NA,NA,NA
50 m,47_Q628-2_2025_peat_sites_1028,TrBOG,1,Treed Bog,NA,NA,NA,NA
100 m,47_Q628-2_2025_peat_sites_1028,TrBOG,0.8142047710052487,Treed Bog,TrFEN,0.10902905484572696,Treed Fen,0.9232338258509757
1 km,47_Q628-2_2025_peat_sites_1028,OBOG,0.3597060556334767,Open Bog,TrBOG,0.3080274174418362,Treed Bog,0.6677334730753128
1 m,48_Q628-3_2025_peat_sites_1028,ThSWA,1,Thicket Swamp,NA,NA,NA,NA
50 m,48_Q628-3_2025_peat_sites_1028,ThSWA,0.8386444595821836,Thicket Swamp,WAT,0.16135554041781647,Clear Open Water,1
100 m,48_Q628-3_2025_peat_sites_1028,ThSWA,0.539637551450072,Thicket Swamp,ConSWA,0.19415291074348104,Coniferous Swamp,0.733790462193553
1 km,48_Q628-3_2025_peat_sites_1028,TrBOG,0.4133746815699291,Treed Bog,TrFEN,0.21675276558842824,Treed Fen,0.6301274471583573
1 m,49_Q628-4_2025_peat_sites_1028,TrBOG,1,Treed Bog,NA,NA,NA,NA
50 m,49_Q628-4_2025_peat_sites_1028,TrBOG,1,Treed Bog,NA,NA,NA,NA
100 m,49_Q628-4_2025_peat_sites_1028,TrBOG,0.9909757662689525,Treed Bog,OBOG,0.009024233731047526,Open Bog,1
1 km,49_Q628-4_2025_peat_sites_1028,TrFEN,0.3061859672786983,Treed Fen,TrBOG,0.3008519174989242,Treed Bog,0.6070378847776225
1 m,4_P229-4_2025_peat_sites_1028,ConSWA,1,Coniferous Swamp,NA,NA,NA,NA
50 m,4_P229-4_2025_peat_sites_1028,ConSWA,1,Coniferous Swamp,NA,NA,NA,NA
100 m,4_P229-4_2025_peat_sites_1028,ConSWA,0.7718806576270552,Coniferous Swamp,ConTRE,0.12376122980749278,Coniferous Treed,0.895641887434548
1 km,4_P229-4_2025_peat_sites_1028,ConSWA,0.44529092664121256,Coniferous Swamp,TrBOG,0.3574505073570728,Treed Bog,0.8027414339982853
1 m,50_P258-1_2025_peat_sites_1028,OFEN,1,Open Fen,NA,NA,NA,NA
50 m,50_P258-1_2025_peat_sites_1028,OFEN,1,Open Fen,NA,NA,NA,NA
100 m,50_P258-1_2025_peat_sites_1028,OFEN,1,Open Fen,NA,NA,NA,NA
1 km,50_P258-1_2025_peat_sites_1028,OFEN,0.3654610413516957,Open Fen,ConSWA,0.21880366428477188,Coniferous Swamp,0.5842647056364676
1 m,52_P258-4_2025_peat_sites_1028,TrBOG,1,Treed Bog,NA,NA,NA,NA
50 m,52_P258-4_2025_peat_sites_1028,TrBOG,0.8077824873981617,Treed Bog,OBOG,0.1671918540667247,Open Bog,0.9749743414648864
100 m,52_P258-4_2025_peat_sites_1028,TrBOG,0.5283643063973001,Treed Bog,OBOG,0.29674388668505625,Open Bog,0.8251081930823564
1 km,52_P258-4_2025_peat_sites_1028,TrBOG,0.2438858519641866,Treed Bog,OFEN,0.24346676496103667,Open Fen,0.48735261692522325
1 m,53_P295-1_2025_peat_sites_1028,ConTRE,1,Coniferous Treed,NA,NA,NA,NA
50 m,53_P295-1_2025_peat_sites_1028,ConTRE,0.4697050583623418,Coniferous Treed,SpTRE,0.30595054286783746,Sparse Treed,0.7756556012301792
100 m,53_P295-1_2025_peat_sites_1028,TrBOG,0.5724565540865472,Treed Bog,ConTRE,0.26172105653014593,Coniferous Treed,0.8341776106166932
1 km,53_P295-1_2025_peat_sites_1028,TrBOG,0.3022338677738511,Treed Bog,ConTRE,0.19448676638965975,Coniferous Treed,0.49672063416351087
1 m,54_P295-2_2025_peat_sites_1028,TrBOG,1,Treed Bog,NA,NA,NA,NA
50 m,54_P295-2_2025_peat_sites_1028,TrBOG,1,Treed Bog,NA,NA,NA,NA
100 m,54_P295-2_2025_peat_sites_1028,TrBOG,0.869743729713892,Treed Bog,TrFEN,0.13025627028610792,Treed Fen,1
1 km,54_P295-2_2025_peat_sites_1028,TrFEN,0.2540344657085329,Treed Fen,TrBOG,0.22427069599347252,Treed Bog,0.47830516170200543
1 m,55_P295-3_2025_peat_sites_1028,ConTRE,1,Coniferous Treed,NA,NA,NA,NA
50 m,55_P295-3_2025_peat_sites_1028,ConTRE,1,Coniferous Treed,NA,NA,NA,NA
100 m,55_P295-3_2025_peat_sites_1028,ConTRE,0.9865014944332564,Coniferous Treed,TrFEN,0.011516607053188242,Treed Fen,0.9980181014864447
1 km,55_P295-3_2025_peat_sites_1028,TrBOG,0.2455447812914529,Treed Bog,ConTRE,0.22360519937336595,Coniferous Treed,0.46914998066481883
1 m,56_P323-1_2025_peat_sites_1028,TrBOG,1,Treed Bog,NA,NA,NA,NA
50 m,56_P323-1_2025_peat_sites_1028,TrBOG,0.9917887210052544,Treed Bog,OBOG,0.00821127899474558,Open Bog,1
100 m,56_P323-1_2025_peat_sites_1028,TrBOG,0.6394934576863381,Treed Bog,OBOG,0.311945103003375,Open Bog,0.9514385606897131
1 km,56_P323-1_2025_peat_sites_1028,TrFEN,0.33391264065434234,Treed Fen,TrBOG,0.22824201279788772,Treed Bog,0.56215465345223
1 m,57_P323-2_2025_peat_sites_1028,TrFEN,1,Treed Fen,NA,NA,NA,NA
50 m,57_P323-2_2025_peat_sites_1028,TrFEN,1,Treed Fen,NA,NA,NA,NA
100 m,57_P323-2_2025_peat_sites_1028,TrFEN,0.994435129145676,Treed Fen,TrBOG,0.00556487085432401,Treed Bog,1
1 km,57_P323-2_2025_peat_sites_1028,TrFEN,0.3848211176858895,Treed Fen,OBOG,0.20861695556380747,Open Bog,0.593438073249697
1 m,58_P323-4_2025_peat_sites_1028,TrFEN,1,Treed Fen,NA,NA,NA,NA
50 m,58_P323-4_2025_peat_sites_1028,TrFEN,0.8376795957114485,Treed Fen,TrBOG,0.09177752756729123,Treed Bog,0.9294571232787396
100 m,58_P323-4_2025_peat_sites_1028,TrFEN,0.5667090445402837,Treed Fen,ConSWA,0.18646876972563917,Coniferous Swamp,0.7531778142659229
1 km,58_P323-4_2025_peat_sites_1028,OBOG,0.3141832044737668,Open Bog,ConSWA,0.22443998420820588,Coniferous Swamp,0.5386231886819727
1 m,59_P302-1_2025_peat_sites_1028,OBOG,1,Open Bog,NA,NA,NA,NA
50 m,59_P302-1_2025_peat_sites_1028,OBOG,1,Open Bog,NA,NA,NA,NA
100 m,59_P302-1_2025_peat_sites_1028,OBOG,0.7656121206156503,Open Bog,TrBOG,0.16291131023457386,Treed Bog,0.9285234308502242
1 km,59_P302-1_2025_peat_sites_1028,TrFEN,0.4514051733892511,Treed Fen,TrBOG,0.30379169338032863,Treed Bog,0.7551968667695798
1 m,5_P237-1_2025_peat_sites_1028,TrBOG,1,Treed Bog,NA,NA,NA,NA
50 m,5_P237-1_2025_peat_sites_1028,TrBOG,0.7602809373350611,Treed Bog,OBOG,0.23971906266493892,Open Bog,1
100 m,5_P237-1_2025_peat_sites_1028,TrBOG,0.632254286392037,Treed Bog,OBOG,0.25617733234633777,Open Bog,0.8884316187383747
1 km,5_P237-1_2025_peat_sites_1028,ConTRE,0.33844397545994237,Coniferous Treed,TrBOG,0.1656351016975828,Treed Bog,0.5040790771575252
1 m,63_P092-1_2025_peat_sites_1028,TrBOG,1,Treed Bog,NA,NA,NA,NA
50 m,63_P092-1_2025_peat_sites_1028,TrBOG,0.7161100314099977,Treed Bog,OBOG,0.22314590916315583,Open Bog,0.9392559405731535
100 m,63_P092-1_2025_peat_sites_1028,TrBOG,0.5163436695698765,Treed Bog,TrFEN,0.191658021086101,Treed Fen,0.7080016906559775
1 km,63_P092-1_2025_peat_sites_1028,OBOG,0.3309225738548221,Open Bog,WAT,0.2430348170695738,Clear Open Water,0.5739573909243959
1 m,64_P092-2_2025_peat_sites_1028,OBOG,1,Open Bog,NA,NA,NA,NA
50 m,64_P092-2_2025_peat_sites_1028,OBOG,1,Open Bog,NA,NA,NA,NA
100 m,64_P092-2_2025_peat_sites_1028,OBOG,0.9643842607295304,Open Bog,TrBOG,0.03561573927046955,Treed Bog,1
1 km,64_P092-2_2025_peat_sites_1028,OBOG,0.5942965742098338,Open Bog,OFEN,0.18433852142013438,Open Fen,0.7786350956299682
1 m,65_P092-3_2025_peat_sites_1028,OBOG,1,Open Bog,NA,NA,NA,NA
50 m,65_P092-3_2025_peat_sites_1028,OBOG,1,Open Bog,NA,NA,NA,NA
100 m,65_P092-3_2025_peat_sites_1028,OBOG,1,Open Bog,NA,NA,NA,NA
1 km,65_P092-3_2025_peat_sites_1028,OBOG,0.7552555287625458,Open Bog,ConTRE,0.08036342245675303,Coniferous Treed,0.8356189512192987
1 m,66_P092-4_2025_peat_sites_1028,ThSWA,1,Thicket Swamp,NA,NA,NA,NA
50 m,66_P092-4_2025_peat_sites_1028,ThSWA,0.6576378028298966,Thicket Swamp,WAT,0.3423621971701034,Clear Open Water,1
100 m,66_P092-4_2025_peat_sites_1028,ThSWA,0.7019619766601204,Thicket Swamp,WAT,0.29803802333987967,Clear Open Water,1
1 km,66_P092-4_2025_peat_sites_1028,ConSWA,0.321386187096337,Coniferous Swamp,ThSWA,0.2652927176569225,Thicket Swamp,0.5866789047532595
1 m,67_P176-3_2025_peat_sites_1028,ConSWA,1,Coniferous Swamp,NA,NA,NA,NA
50 m,67_P176-3_2025_peat_sites_1028,ConSWA,0.557453605972235,Coniferous Swamp,OFEN,0.44254639402776497,Open Fen,1
100 m,67_P176-3_2025_peat_sites_1028,OFEN,0.5524125728403083,Open Fen,ConSWA,0.4475874271596917,Coniferous Swamp,1
1 km,67_P176-3_2025_peat_sites_1028,OFEN,0.42499316394183706,Open Fen,OBOG,0.3382441897411494,Open Bog,0.7632373536829864
1 m,68_P095-1_2025_peat_sites_1028,TrFEN,1,Treed Fen,NA,NA,NA,NA
50 m,68_P095-1_2025_peat_sites_1028,TrFEN,0.5208488644801782,Treed Fen,ConSWA,0.47915113551982186,Coniferous Swamp,1
100 m,68_P095-1_2025_peat_sites_1028,ConSWA,0.6474780426150126,Coniferous Swamp,TrFEN,0.2749687954255552,Treed Fen,0.9224468380405678
1 km,68_P095-1_2025_peat_sites_1028,ConSWA,0.7599860359373743,Coniferous Swamp,ConTRE,0.1423626154407407,Coniferous Treed,0.902348651378115
1 m,69_P095-2_2025_peat_sites_1028,TrBOG,1,Treed Bog,NA,NA,NA,NA
50 m,69_P095-2_2025_peat_sites_1028,TrBOG,0.5912758533828547,Treed Bog,ConSWA,0.40872414661714523,Coniferous Swamp,1
100 m,69_P095-2_2025_peat_sites_1028,ConSWA,0.5405863793900723,Coniferous Swamp,TrBOG,0.4594136206099277,Treed Bog,1
1 km,69_P095-2_2025_peat_sites_1028,ConSWA,0.9476861808092979,Coniferous Swamp,TrBOG,0.026447678760837433,Treed Bog,0.9741338595701353
1 m,6_P237-2_2025_peat_sites_1028,ConSWA,1,Coniferous Swamp,NA,NA,NA,NA
50 m,6_P237-2_2025_peat_sites_1028,ConSWA,0.9999162166601496,Coniferous Swamp,WAT,8.37833398503464e-5,Clear Open Water,1
100 m,6_P237-2_2025_peat_sites_1028,ConSWA,0.8534242128026082,Coniferous Swamp,WAT,0.14390459998986396,Clear Open Water,0.9973288127924721
1 km,6_P237-2_2025_peat_sites_1028,ConSWA,0.3581385215802052,Coniferous Swamp,TrBOG,0.3215112573685329,Treed Bog,0.6796497789487381
1 m,70_P095-3_2025_peat_sites_1028,ConTRE,1,Coniferous Treed,NA,NA,NA,NA
50 m,70_P095-3_2025_peat_sites_1028,ConTRE,1,Coniferous Treed,NA,NA,NA,NA
100 m,70_P095-3_2025_peat_sites_1028,ConTRE,0.8966262877959787,Coniferous Treed,WAT,0.0805119528003662,Clear Open Water,0.9771382405963449
1 km,70_P095-3_2025_peat_sites_1028,ConSWA,0.6257363102873216,Coniferous Swamp,ConTRE,0.1775428251742277,Coniferous Treed,0.8032791354615493
1 m,71_P095-4_2025_peat_sites_1028,TrBOG,1,Treed Bog,NA,NA,NA,NA
50 m,71_P095-4_2025_peat_sites_1028,TrBOG,0.5701660365574153,Treed Bog,ConSWA,0.4298339634425848,Coniferous Swamp,1
100 m,71_P095-4_2025_peat_sites_1028,ConSWA,0.5933372567195343,Coniferous Swamp,TrBOG,0.4066627432804657,Treed Bog,1
1 km,71_P095-4_2025_peat_sites_1028,ConSWA,0.952404291746393,Coniferous Swamp,TrFEN,0.023880618836618895,Treed Fen,0.9762849105830118
1 m,72_P176-7_2025_peat_sites_1028,TrBOG,1,Treed Bog,NA,NA,NA,NA
50 m,72_P176-7_2025_peat_sites_1028,TrBOG,0.636426972503862,Treed Bog,OBOG,0.21099493912265502,Open Bog,0.847421911626517
100 m,72_P176-7_2025_peat_sites_1028,OBOG,0.4666067510019218,Open Bog,TrBOG,0.28368111184160677,Treed Bog,0.7502878628435286
1 km,72_P176-7_2025_peat_sites_1028,OBOG,0.38900112203405535,Open Bog,TrBOG,0.26199626543930293,Treed Bog,0.6509973874733583
1 m,73_P176-8_2025_peat_sites_1028,ConSWA,1,Coniferous Swamp,NA,NA,NA,NA
50 m,73_P176-8_2025_peat_sites_1028,ConSWA,0.9196224784446734,Coniferous Swamp,OBOG,0.06600854095358456,Open Bog,0.9856310193982579
100 m,73_P176-8_2025_peat_sites_1028,ConSWA,0.5786498690014386,Coniferous Swamp,OBOG,0.24059905545020496,Open Bog,0.8192489244516435
1 km,73_P176-8_2025_peat_sites_1028,OBOG,0.328736542380592,Open Bog,ConSWA,0.3025121646044012,Coniferous Swamp,0.6312487069849932
1 m,74_P109-2_2025_peat_sites_1028,DecTRE,1,Deciduous Treed,NA,NA,NA,NA
50 m,74_P109-2_2025_peat_sites_1028,DecTRE,0.559350580538555,Deciduous Treed,TrFEN,0.44064941946144504,Treed Fen,1
100 m,74_P109-2_2025_peat_sites_1028,TrFEN,0.5039494137723919,Treed Fen,DecTRE,0.34293670085465355,Deciduous Treed,0.8468861146270454
1 km,74_P109-2_2025_peat_sites_1028,TrFEN,0.2912424889503265,Treed Fen,WAT,0.16743083864041067,Clear Open Water,0.4586733275907372
1 m,75_P218-3_2025_peat_sites_1028,TrBOG,1,Treed Bog,NA,NA,NA,NA
50 m,75_P218-3_2025_peat_sites_1028,TrBOG,0.7873836725795078,Treed Bog,OBOG,0.21261632742049225,Open Bog,1
100 m,75_P218-3_2025_peat_sites_1028,TrBOG,0.5956551561528839,Treed Bog,OBOG,0.4043448438471161,Open Bog,1
1 km,75_P218-3_2025_peat_sites_1028,TrBOG,0.507743970462708,Treed Bog,OBOG,0.27860709040860077,Open Bog,0.7863510608713088
1 m,76_P218-4_2025_peat_sites_1028,TrFEN,1,Treed Fen,NA,NA,NA,NA
50 m,76_P218-4_2025_peat_sites_1028,TrFEN,0.904246643912958,Treed Fen,TrBOG,0.09575335608704202,Treed Bog,1
100 m,76_P218-4_2025_peat_sites_1028,TrFEN,0.584830579715126,Treed Fen,TrBOG,0.2899059870210916,Treed Bog,0.8747365667362176
1 km,76_P218-4_2025_peat_sites_1028,OBOG,0.2962591484005473,Open Bog,TrBOG,0.2947590712134848,Treed Bog,0.5910182196140321
1 m,7_P237-3_2025_peat_sites_1028,OFEN,1,Open Fen,NA,NA,NA,NA
50 m,7_P237-3_2025_peat_sites_1028,OFEN,1,Open Fen,NA,NA,NA,NA
100 m,7_P237-3_2025_peat_sites_1028,OFEN,0.8860265390247211,Open Fen,OBOG,0.11397346097527893,Open Bog,1
1 km,7_P237-3_2025_peat_sites_1028,OFEN,0.3231272169564452,Open Fen,OBOG,0.2562876748189148,Open Bog,0.57941489177536
1 m,80_P121-2_2025_peat_sites_1028,OBOG,0.8194756444587443,Open Bog,TrFEN,0.18052435554125573,Treed Fen,1
50 m,80_P121-2_2025_peat_sites_1028,TrFEN,0.5538520420380533,Treed Fen,OBOG,0.44614795796194673,Open Bog,1
100 m,80_P121-2_2025_peat_sites_1028,TrFEN,0.4636689621845885,Treed Fen,OBOG,0.4290405418887848,Open Bog,0.8927095040733732
1 km,80_P121-2_2025_peat_sites_1028,ConSWA,0.35683366521328674,Coniferous Swamp,ConTRE,0.29420454294259585,Coniferous Treed,0.6510382081558825
1 m,82_P121-4_2025_peat_sites_1028,TrFEN,1,Treed Fen,NA,NA,NA,NA
50 m,82_P121-4_2025_peat_sites_1028,TrFEN,1,Treed Fen,NA,NA,NA,NA
100 m,82_P121-4_2025_peat_sites_1028,TrFEN,0.8256784960564965,Treed Fen,ConSWA,0.12195660447120422,Coniferous Swamp,0.9476351005277007
1 km,82_P121-4_2025_peat_sites_1028,ConTRE,0.41324851100425836,Coniferous Treed,ConSWA,0.37839941084422735,Coniferous Swamp,0.7916479218484858
1 m,83_P094-2_2025_peat_sites_1028,OFEN,1,Open Fen,NA,NA,NA,NA
50 m,83_P094-2_2025_peat_sites_1028,OFEN,1,Open Fen,NA,NA,NA,NA
100 m,83_P094-2_2025_peat_sites_1028,OFEN,0.9626003462706921,Open Fen,OBOG,0.03739965372930789,Open Bog,1
1 km,83_P094-2_2025_peat_sites_1028,OFEN,0.5030399624025987,Open Fen,OBOG,0.42721967541053385,Open Bog,0.9302596378131326
1 m,84_P094-3_2025_peat_sites_1028,OBOG,1,Open Bog,NA,NA,NA,NA
50 m,84_P094-3_2025_peat_sites_1028,OBOG,0.5181270606453326,Open Bog,OFEN,0.48187293935466735,Open Fen,1
100 m,84_P094-3_2025_peat_sites_1028,OFEN,0.6766268485424751,Open Fen,OBOG,0.3233731514575248,Open Bog,1
1 km,84_P094-3_2025_peat_sites_1028,OFEN,0.6457991970637571,Open Fen,OBOG,0.30290367978062294,Open Bog,0.94870287684438
1 m,86_P219-2_2025_peat_sites_1028,TrBOG,1,Treed Bog,NA,NA,NA,NA
50 m,86_P219-2_2025_peat_sites_1028,TrBOG,0.9115922038611414,Treed Bog,OBOG,0.08840779613885864,Open Bog,1
100 m,86_P219-2_2025_peat_sites_1028,TrBOG,0.606192879416442,Treed Bog,OBOG,0.393807120583558,Open Bog,1
1 km,86_P219-2_2025_peat_sites_1028,TrFEN,0.4767968303708435,Treed Fen,TrBOG,0.25164971435795136,Treed Bog,0.7284465447287949
1 m,87_P219-3_2025_peat_sites_1028,OFEN,1,Open Fen,NA,NA,NA,NA
50 m,87_P219-3_2025_peat_sites_1028,OFEN,0.5956004350876802,Open Fen,TrFEN,0.3495539152373533,Treed Fen,0.9451543503250335
100 m,87_P219-3_2025_peat_sites_1028,OFEN,0.41780462658787665,Open Fen,TrFEN,0.31789944984352786,Treed Fen,0.7357040764314045
1 km,87_P219-3_2025_peat_sites_1028,TrFEN,0.3647323471788446,Treed Fen,OBOG,0.28075546898008746,Open Bog,0.6454878161589321
1 m,88_P219-5_2025_peat_sites_1028,TrBOG,1,Treed Bog,NA,NA,NA,NA
50 m,88_P219-5_2025_peat_sites_1028,TrFEN,0.559032500691249,Treed Fen,TrBOG,0.44096749930875107,Treed Bog,1
100 m,88_P219-5_2025_peat_sites_1028,TrFEN,0.6992416961266614,Treed Fen,TrBOG,0.29495043235263924,Treed Bog,0.9941921284793007
1 km,88_P219-5_2025_peat_sites_1028,TrFEN,0.595089330614143,Treed Fen,TrBOG,0.29308395149282673,Treed Bog,0.8881732821069698
1 m,89_P219-7_2025_peat_sites_1028,TrFEN,1,Treed Fen,NA,NA,NA,NA
50 m,89_P219-7_2025_peat_sites_1028,TrFEN,1,Treed Fen,NA,NA,NA,NA
100 m,89_P219-7_2025_peat_sites_1028,TrFEN,0.9750712151024958,Treed Fen,TrBOG,0.024928784897504157,Treed Bog,1
1 km,89_P219-7_2025_peat_sites_1028,TrFEN,0.42783718930097253,Treed Fen,TrBOG,0.3130733282575638,Treed Bog,0.7409105175585363
1 m,8_P237-4_2025_peat_sites_1028,TrBOG,1,Treed Bog,NA,NA,NA,NA
50 m,8_P237-4_2025_peat_sites_1028,TrBOG,0.6475061268421591,Treed Bog,OFEN,0.3132179618975122,Open Fen,0.9607240887396713
100 m,8_P237-4_2025_peat_sites_1028,OFEN,0.429907916062566,Open Fen,TrBOG,0.33948331421403183,Treed Bog,0.7693912302765978
1 km,8_P237-4_2025_peat_sites_1028,OFEN,0.3144187965773268,Open Fen,TrBOG,0.26365037205107306,Treed Bog,0.5780691686283999
1 m,90_P200-1_2025_peat_sites_1028,TrBOG,1,Treed Bog,NA,NA,NA,NA
50 m,90_P200-1_2025_peat_sites_1028,TrBOG,1,Treed Bog,NA,NA,NA,NA
100 m,90_P200-1_2025_peat_sites_1028,TrBOG,0.93634152651995906,Treed Bog,ConSWA,0.06365847348004093,Coniferous Swamp,1
1 km,90_P200-1_2025_peat_sites_1028,ConSWA,0.477577804568838,Coniferous Swamp,ConTRE,0.2345641267136833,Coniferous Treed,0.7121419312825213
1 m,91_P200-2_2025_peat_sites_1028,ConTRE,1,Coniferous Treed,NA,NA,NA,NA
50 m,91_P200-2_2025_peat_sites_1028,ConTRE,0.930220405684934,Coniferous Treed,ConSWA,0.06977959431506592,Coniferous Swamp,1
100 m,91_P200-2_2025_peat_sites_1028,ConTRE,0.7458032043450726,Coniferous Treed,ConSWA,0.1603297573966909,Coniferous Swamp,0.9061329617417635
1 km,91_P200-2_2025_peat_sites_1028,ConSWA,0.3051989248911452,Coniferous Swamp,TrBOG,0.29292519009681006,Treed Bog,0.5981241149879553
1 m,92_P200-4_2025_peat_sites_1028,ConTRE,1,Coniferous Treed,NA,NA,NA,NA
50 m,92_P200-4_2025_peat_sites_1028,ConTRE,1,Coniferous Treed,NA,NA,NA,NA
100 m,92_P200-4_2025_peat_sites_1028,ConTRE,1,Coniferous Treed,NA,NA,NA,NA
1 km,92_P200-4_2025_peat_sites_1028,ConSWA,0.47461272374881835,Coniferous Swamp,ConTRE,0.2613321447908973,Coniferous Treed,0.7359448685397156
1 m,93_P200-6_2025_peat_sites_1028,OBOG,1,Open Bog,NA,NA,NA,NA
50 m,93_P200-6_2025_peat_sites_1028,OBOG,0.5187224299850158,Open Bog,TrBOG,0.48127757001498417,Treed Bog,1
100 m,93_P200-6_2025_peat_sites_1028,OBOG,0.5658919596315497,Open Bog,TrBOG,0.4341080403684503,Treed Bog,1
1 km,93_P200-6_2025_peat_sites_1028,TrBOG,0.3944261654499779,Treed Bog,OBOG,0.1589515502742167,Open Bog,0.5533777157241946
1 m,94_P154-1_2025_peat_sites_1028,TrBOG,1,Treed Bog,NA,NA,NA,NA
50 m,94_P154-1_2025_peat_sites_1028,TrBOG,0.5691164042762871,Treed Bog,OBOG,0.4308835957237129,Open Bog,1
100 m,94_P154-1_2025_peat_sites_1028,OBOG,0.5460312613180659,Open Bog,TrBOG,0.450472947211498,Treed Bog,0.9965042085295639
1 km,94_P154-1_2025_peat_sites_1028,OBOG,0.3793432656123757,Open Bog,TrBOG,0.2556174629089973,Treed Bog,0.634960728521373
1 m,95_P154-2_2025_peat_sites_1028,TrBOG,1,Treed Bog,NA,NA,NA,NA
50 m,95_P154-2_2025_peat_sites_1028,TrBOG,1,Treed Bog,NA,NA,NA,NA
100 m,95_P154-2_2025_peat_sites_1028,TrBOG,1,Treed Bog,NA,NA,NA,NA
1 km,95_P154-2_2025_peat_sites_1028,OBOG,0.4186549678212496,Open Bog,TrBOG,0.20910015891270653,Treed Bog,0.6277551267339562
1 m,96_P154-4_2025_peat_sites_1028,MixTRE,1,Mixed Treed,NA,NA,NA,NA
50 m,96_P154-4_2025_peat_sites_1028,WAT,0.5977785368110615,Clear Open Water,MixTRE,0.4022214631889384,Mixed Treed,1
100 m,96_P154-4_2025_peat_sites_1028,WAT,0.5335613362630494,Clear Open Water,MixTRE,0.27273073431376527,Mixed Treed,0.8062920705768146
1 km,96_P154-4_2025_peat_sites_1028,WAT,0.46025451314837984,Clear Open Water,OBOG,0.32897575722859773,Open Bog,0.7892302703769776
1 m,97_P154-5_2025_peat_sites_1028,OBOG,1,Open Bog,NA,NA,NA,NA
50 m,97_P154-5_2025_peat_sites_1028,OBOG,0.5659469814842311,Open Bog,TrBOG,0.4340530185157689,Treed Bog,1
100 m,97_P154-5_2025_peat_sites_1028,OBOG,0.59991067377123,Open Bog,TrBOG,0.4000893262287701,Treed Bog,1
1 km,97_P154-5_2025_peat_sites_1028,WAT,0.37634055234747205,Clear Open Water,OBOG,0.3443030273286828,Open Bog,0.7206435796761548
1 m,98_P324-1_2025_peat_sites_1028,TrBOG,1,Treed Bog,NA,NA,NA,NA
50 m,98_P324-1_2025_peat_sites_1028,OBOG,0.5295872430308144,Open Bog,TrBOG,0.47041275696918555,Treed Bog,1
100 m,98_P324-1_2025_peat_sites_1028,OBOG,0.6360301708726436,Open Bog,TrBOG,0.3639698291273564,Treed Bog,1
1 km,98_P324-1_2025_peat_sites_1028,OBOG,0.3657886188936108,Open Bog,TrBOG,0.23677336567822868,Treed Bog,0.6025619845718395
1 m,99_P324-3_2025_peat_sites_1028,OBOG,1,Open Bog,NA,NA,NA,NA
50 m,99_P324-3_2025_peat_sites_1028,OBOG,1,Open Bog,NA,NA,NA,NA
100 m,99_P324-3_2025_peat_sites_1028,OBOG,1,Open Bog,NA,NA,NA,NA
1 km,99_P324-3_2025_peat_sites_1028,ConSWA,0.2710698381828073,Coniferous Swamp,TrFEN,0.23387114562283737,Treed Fen,0.5049409838056447
